                            Calculation Of Finite Element Method,
Unit   , EPSILON_X       , EPSILON_Y       , GAMMA_XY        , SIGMA_X         , SIGMA_Y         , TAU_XY          ,
     1 ,     -0.00449936 ,               0 ,       0.0025868 ,     -0.00506178 ,     -0.00168726 ,      0.00097005 ,
     2 ,         60.2177 ,        -104.298 ,         44.0779 ,         28.6334 ,        -94.7531 ,         16.5292 ,
     3 ,     3.11661e-08 ,               0 ,     5.31726e-08 ,     3.50618e-08 ,     1.16873e-08 ,     1.99397e-08 ,
     4 ,     -0.00449936 ,     -0.00258675 ,      0.00708619 ,     -0.00603181 ,     -0.00459735 ,      0.00265732 ,
     5 ,    -2.89369e-13 ,               0 ,     1.61209e-13 ,     -3.2554e-13 ,    -1.08513e-13 ,     6.04536e-14 ,
     6 ,     3.11661e-08 ,    -5.31725e-08 ,     2.20062e-08 ,     1.51222e-08 ,    -4.81317e-08 ,     8.25234e-09 ,
     7 ,     2.17541e-18 ,               0 ,     3.72142e-18 ,     2.44734e-18 ,     8.15779e-19 ,     1.39553e-18 ,
     8 ,    -2.89369e-13 ,    -1.61206e-13 ,     4.50581e-13 ,    -3.85992e-13 ,     -2.8987e-13 ,     1.68968e-13 ,
     9 ,    -9.99755e-18 ,               0 ,      -1.766e-17 ,    -1.12472e-17 ,    -3.74908e-18 ,     -6.6225e-18 ,
    10 ,     2.17541e-18 ,    -2.13814e-17 ,    -8.45155e-18 ,    -5.57068e-18 ,    -2.32383e-17 ,    -3.16933e-18 ,
    11 ,    -6.81855e-13 ,               0 ,      3.8782e-13 ,    -7.67087e-13 ,    -2.55695e-13 ,     1.45433e-13 ,
    12 ,    -9.99755e-18 ,     3.87838e-13 ,    -6.81863e-13 ,     1.45428e-13 ,     4.36314e-13 ,    -2.55699e-13 ,
    13 ,     6.16587e-08 ,               0 ,     1.07234e-07 ,      6.9366e-08 ,      2.3122e-08 ,     4.02127e-08 ,
    14 ,    -6.81855e-13 ,     1.07234e-07 ,     6.16598e-08 ,     4.02118e-08 ,     1.20637e-07 ,     2.31224e-08 ,
    15 ,      0.00229834 ,               0 ,     -0.00133726 ,      0.00258564 ,     0.000861878 ,    -0.000501474 ,
    16 ,     6.16587e-08 ,     -0.00133737 ,      0.00229839 ,    -0.000501444 ,     -0.00150452 ,     0.000861897 ,
    17 ,         32.4526 ,               0 ,         56.2095 ,         36.5091 ,         12.1697 ,         21.0786 ,
    18 ,      0.00229834 ,         56.2109 ,         32.4489 ,         21.0816 ,         63.2381 ,         12.1683 ,
    19 ,      0.00354065 ,         104.298 ,         60.2202 ,         39.1155 ,         117.336 ,         22.5826 ,
    20 ,          -104.3 ,         76.3483 ,        -136.563 ,        -88.7069 ,         46.7793 ,         -51.211 ,
    21 ,    -4.78572e-08 ,      0.00258675 ,     -0.00449948 ,     0.000969975 ,      0.00291007 ,      -0.0016873 ,
    22 ,       0.0125394 ,      0.00462259 ,      -0.0152496 ,       0.0158403 ,      0.00990268 ,     -0.00571861 ,
    23 ,      9.1594e-13 ,     5.31725e-08 ,     3.11659e-08 ,     1.99407e-08 ,     5.98193e-08 ,     1.16872e-08 ,
    24 ,    -1.10189e-07 ,     1.34611e-07 ,     -1.0876e-07 ,     -7.3484e-08 ,     1.10116e-07 ,    -4.07849e-08 ,
    25 ,    -7.73486e-18 ,     1.61206e-13 ,    -2.89385e-13 ,     6.04434e-14 ,     1.81354e-13 ,    -1.08519e-13 ,
    26 ,     1.49468e-12 ,     6.75013e-13 ,    -2.04156e-12 ,     1.93464e-12 ,     1.31989e-12 ,    -7.65585e-13 ,
    27 ,     1.81729e-17 ,     2.13814e-17 ,      4.3489e-17 ,     2.84626e-17 ,     3.08689e-17 ,     1.63084e-17 ,
    28 ,    -1.20857e-17 ,     6.58947e-17 ,     1.74407e-17 ,     1.11141e-17 ,     6.95993e-17 ,     6.54026e-18 ,
    29 ,     4.35273e-13 ,    -3.87838e-13 ,     4.03821e-13 ,     3.44243e-13 ,     -2.7309e-13 ,     1.51433e-13 ,
    30 ,      3.8168e-17 ,    -6.65894e-13 ,     1.11717e-12 ,    -2.49667e-13 ,    -7.49116e-13 ,     4.18938e-13 ,
    31 ,      9.0573e-08 ,    -1.07234e-07 ,     9.60774e-08 ,      6.1682e-08 ,    -8.66729e-08 ,      3.6029e-08 ,
    32 ,     1.79898e-12 ,     5.05035e-08 ,     2.89121e-08 ,     1.89408e-08 ,     5.68171e-08 ,      1.0842e-08 ,
    33 ,      0.00224984 ,      0.00133737 ,     -0.00360616 ,      0.00303259 ,      0.00234823 ,     -0.00135231 ,
    34 ,    -3.27445e-08 ,     2.93356e-05 ,    -4.85881e-05 ,      1.0964e-05 ,     3.29903e-05 ,    -1.82205e-05 ,
    35 ,         8.69561 ,        -56.2109 ,        -17.3886 ,        -11.2965 ,        -59.9763 ,        -6.52071 ,
    36 ,     -0.00234685 ,        -41.1479 ,        -23.7555 ,        -15.4331 ,        -46.2922 ,        -8.90833 ,
    37 ,      0.00622625 ,        -76.3483 ,        -44.0939 ,        -28.6236 ,        -85.8895 ,        -16.5352 ,
    38 ,         16.1346 ,         48.4075 ,         55.8923 ,         36.3042 ,         60.5089 ,         20.9596 ,
    39 ,    -3.82473e-08 ,     -0.00462259 ,      0.00804002 ,     -0.00173351 ,     -0.00520043 ,      0.00301501 ,
    40 ,     -0.00985378 ,     -0.00104392 ,      0.00748052 ,       -0.011477 ,     -0.00486957 ,       0.0028052 ,
    41 ,    -6.98322e-13 ,    -1.34611e-07 ,    -7.90241e-08 ,    -5.04798e-08 ,    -1.51437e-07 ,    -2.96341e-08 ,
    42 ,     1.19799e-07 ,    -6.88401e-08 ,     1.62675e-07 ,     1.08959e-07 ,    -3.25204e-08 ,     6.10031e-08 ,
    43 ,     6.22825e-18 ,    -6.75013e-13 ,     1.20533e-12 ,    -2.53123e-13 ,    -7.59387e-13 ,     4.51999e-13 ,
    44 ,    -3.10894e-12 ,    -1.07609e-12 ,     3.65479e-12 ,    -3.90109e-12 ,    -2.37645e-12 ,     1.37055e-12 ,
    45 ,     1.64042e-17 ,    -6.58947e-17 ,     -9.0961e-18 ,    -6.25579e-18 ,    -6.79799e-17 ,    -3.41104e-18 ,
    46 ,     2.60488e-17 ,    -4.74193e-17 ,     1.64417e-17 ,     1.15227e-17 ,    -4.35784e-17 ,     6.16565e-18 ,
    47 ,      1.4551e-12 ,     6.65894e-13 ,    -1.95546e-12 ,      1.8867e-12 ,     1.29479e-12 ,    -7.33296e-13 ,
    48 ,    -3.99368e-17 ,    -1.72491e-13 ,     3.37915e-13 ,    -6.47289e-14 ,    -1.94067e-13 ,     1.26718e-13 ,
    49 ,    -5.70004e-08 ,    -5.05035e-08 ,    -1.27929e-07 ,    -8.30642e-08 ,    -7.81916e-08 ,    -4.79734e-08 ,
    50 ,    -7.79157e-13 ,    -1.49519e-07 ,    -8.59145e-08 ,    -5.60703e-08 ,    -1.68209e-07 ,    -3.22179e-08 ,
    51 ,     -0.00234699 ,    -2.93356e-05 ,      0.00141421 ,     -0.00265137 ,    -0.000913124 ,     0.000530328 ,
    52 ,    -1.14829e-07 ,      0.00133644 ,      -0.0022986 ,     0.000501035 ,      0.00150345 ,    -0.000861977 ,
    53 ,        -38.8184 ,         41.1479 ,         -43.478 ,        -28.2402 ,         31.7344 ,        -16.3043 ,
    54 ,     -0.00224999 ,        -26.0884 ,        -15.0578 ,        -9.78568 ,        -29.3503 ,        -5.64669 ,
    55 ,     -0.00845991 ,        -48.4075 ,         -27.941 ,        -18.1623 ,        -54.4616 ,        -10.4779 ,
    56 ,         92.4887 ,        -111.785 ,         95.6473 ,         62.1305 ,        -91.0746 ,         35.8677 ,
    57 ,     1.03369e-07 ,      0.00104392 ,     -0.00181363 ,     0.000391585 ,      0.00117445 ,    -0.000680111 ,
    58 ,     -0.00483239 ,     -0.00382016 ,      0.00942249 ,     -0.00686899 ,     -0.00610982 ,      0.00353344 ,
    59 ,    -9.47008e-13 ,     6.88401e-08 ,     4.07785e-08 ,     2.58139e-08 ,     7.74447e-08 ,     1.52919e-08 ,
    60 ,     2.18167e-08 ,    -1.07555e-07 ,    -2.38788e-08 ,    -1.57892e-08 ,    -1.12818e-07 ,    -8.95457e-09 ,
    61 ,     9.70163e-18 ,     1.07609e-12 ,    -1.90363e-12 ,     4.03543e-13 ,      1.2106e-12 ,    -7.13862e-13 ,
    62 ,     2.86025e-12 ,     5.55941e-13 ,     -2.5887e-12 ,     3.42626e-12 ,     1.69803e-12 ,    -9.70761e-13 ,
    63 ,     -3.4319e-17 ,     4.74193e-17 ,    -3.16942e-17 ,    -2.08266e-17 ,     4.04771e-17 ,    -1.18853e-17 ,
    64 ,    -2.25754e-17 ,    -2.89628e-17 ,    -5.41886e-17 ,    -3.62584e-17 ,    -4.10489e-17 ,    -2.03207e-17 ,
    65 ,    -1.54161e-12 ,     1.72491e-13 ,     5.78021e-13 ,    -1.66963e-12 ,    -3.84051e-13 ,     2.16758e-13 ,
    66 ,    -1.07863e-17 ,     1.08855e-12 ,    -1.87958e-12 ,     4.08195e-13 ,     1.22462e-12 ,    -7.04842e-13 ,
    67 ,    -4.66796e-08 ,     1.49519e-07 ,      4.3825e-09 ,     3.55494e-09 ,     1.50704e-07 ,     1.64344e-09 ,
    68 ,    -2.21755e-12 ,     6.79853e-08 ,     3.92382e-08 ,      2.5492e-08 ,     7.64827e-08 ,     1.47143e-08 ,
    69 ,     -0.00077164 ,     -0.00133644 ,      0.00274501 ,     -0.00136926 ,     -0.00179286 ,      0.00102938 ,
    70 ,      1.2515e-07 ,    -0.000889749 ,      0.00152703 ,    -0.000333515 ,     -0.00100092 ,     0.000572636 ,
    71 ,         19.7208 ,         26.0884 ,         49.2173 ,          31.969 ,         36.7447 ,         18.4565 ,
    72 ,      0.00382534 ,         60.2462 ,         34.7784 ,         22.5966 ,         67.7783 ,         13.0419 ,
    73 ,     0.000411944 ,         111.785 ,         64.5474 ,         41.9197 ,         125.758 ,         24.2053 ,
    74 ,         -83.841 ,         33.4238 ,        -125.909 ,        -81.7871 ,          6.1615 ,        -47.2161 ,
    75 ,    -1.74268e-08 ,      0.00382016 ,     -0.00664624 ,      0.00143254 ,      0.00429767 ,     -0.00249234 ,
    76 ,       0.0137042 ,      0.00405928 ,      -0.0149379 ,       0.0169395 ,      0.00970578 ,      -0.0056017 ,
    77 ,     2.25209e-12 ,     1.07555e-07 ,     6.25905e-08 ,     4.03355e-08 ,        1.21e-07 ,     2.34714e-08 ,
    78 ,    -1.42612e-07 ,     1.36127e-07 ,    -1.63661e-07 ,    -1.09391e-07 ,     9.96638e-08 ,    -6.13731e-08 ,
    79 ,    -1.95608e-17 ,    -5.55941e-13 ,     9.56596e-13 ,      -2.085e-13 ,    -6.25441e-13 ,     3.58723e-13 ,
    80 ,     3.38847e-13 ,     7.21042e-13 ,     -1.4606e-12 ,     6.51594e-13 ,      9.3824e-13 ,    -5.47724e-13 ,
    81 ,     9.65829e-18 ,     2.89628e-17 ,     3.21921e-17 ,     2.17266e-17 ,      3.6205e-17 ,      1.2072e-17 ,
    82 ,    -6.68699e-18 ,     7.83847e-17 ,      3.3279e-17 ,     2.18714e-17 ,     8.56752e-17 ,     1.24796e-17 ,
    83 ,     -9.1624e-13 ,    -1.08855e-12 ,     2.38594e-12 ,    -1.43898e-12 ,    -1.56821e-12 ,     8.94729e-13 ,
    84 ,     5.47636e-17 ,    -5.82187e-13 ,     9.63405e-13 ,    -2.18258e-13 ,     -6.5494e-13 ,     3.61277e-13 ,
    85 ,     9.61983e-08 ,    -6.79853e-08 ,     1.28126e-07 ,     8.27286e-08 ,    -4.04092e-08 ,     4.80474e-08 ,
    86 ,     2.84292e-12 ,     9.93776e-08 ,     5.69606e-08 ,     3.72697e-08 ,     1.11801e-07 ,     2.13602e-08 ,
    87 ,      0.00289279 ,     0.000889749 ,      -0.0032084 ,      0.00358805 ,      0.00208576 ,     -0.00120315 ,
    88 ,     1.77282e-08 ,    -0.000792003 ,      0.00136592 ,    -0.000296981 ,    -0.000890996 ,      0.00051222 ,
    89 ,         24.3808 ,        -60.2462 ,         7.44988 ,         4.83614 ,        -58.6341 ,         2.79371 ,
    90 ,    -0.000160905 ,        -18.0139 ,        -10.4026 ,        -6.75539 ,        -20.2657 ,        -3.90099 ,
    91 ,       0.0081938 ,        -33.4238 ,        -19.3117 ,        -12.5247 ,        -37.5987 ,        -7.24188 ,
    92 ,        -31.1133 ,         87.3163 ,        -3.47472 ,        -2.25883 ,         86.5633 ,        -1.30302 ,
    93 ,    -1.02697e-07 ,     -0.00405928 ,        0.007058 ,     -0.00152234 ,     -0.00456673 ,      0.00264675 ,
    94 ,     -0.00592239 ,     0.000650161 ,      0.00227349 ,     -0.00641888 ,     -0.00148946 ,      0.00085256 ,
    95 ,    -1.18408e-12 ,    -1.36127e-07 ,    -8.00201e-08 ,    -5.10491e-08 ,    -1.53144e-07 ,    -3.00075e-08 ,
    96 ,     5.73424e-08 ,     4.03607e-08 ,     1.18443e-07 ,     7.96454e-08 ,     6.69092e-08 ,     4.44163e-08 ,
    97 ,     2.51147e-18 ,    -7.21042e-13 ,     1.29549e-12 ,    -2.70388e-13 ,    -8.11171e-13 ,     4.85808e-13 ,
    98 ,    -3.77502e-12 ,    -1.42005e-12 ,     4.62071e-12 ,    -4.77942e-12 ,    -3.01319e-12 ,     1.73277e-12 ,
    99 ,     3.21996e-17 ,    -7.83847e-17 ,     1.11371e-17 ,     6.83036e-18 ,    -7.61079e-17 ,     4.17642e-18 ,
   100 ,     2.87592e-17 ,    -2.56419e-17 ,      3.3484e-17 ,     2.27384e-17 ,    -1.80624e-17 ,     1.25565e-17 ,
   101 ,     2.72799e-12 ,     5.82187e-13 ,    -2.54687e-12 ,      3.2873e-12 ,     1.67795e-12 ,    -9.55078e-13 ,
   102 ,    -3.22222e-17 ,    -1.00143e-12 ,     1.76459e-12 ,    -3.75573e-13 ,    -1.12662e-12 ,     6.61721e-13 ,
   103 ,    -2.92247e-08 ,    -9.93776e-08 ,    -1.07347e-07 ,    -7.01443e-08 ,    -1.22759e-07 ,     -4.0255e-08 ,
   104 ,     8.01301e-13 ,     -1.4976e-07 ,    -8.61901e-08 ,    -5.61592e-08 ,     -1.6848e-07 ,    -3.23213e-08 ,
   105 ,     -0.00109207 ,     0.000792003 ,    -0.000728033 ,    -0.000931582 ,     0.000481476 ,    -0.000273013 ,
   106 ,    -1.43151e-07 ,      0.00142991 ,     -0.00245818 ,     0.000536054 ,      0.00160859 ,    -0.000921818 ,
   107 ,        -37.5705 ,         18.0139 ,        -54.6683 ,        -35.5116 ,         6.17672 ,        -20.5006 ,
   108 ,     -0.00382396 ,        -47.0577 ,        -27.1645 ,        -17.6509 ,        -52.9414 ,        -10.1867 ,
   109 ,     -0.00688133 ,        -87.3163 ,        -50.4103 ,        -32.7513 ,        -98.2334 ,        -18.9039 ,
   110 ,         106.617 ,        -97.3454 ,         128.455 ,         83.4396 ,        -69.5322 ,         48.1707 ,
   111 ,     8.20139e-08 ,    -0.000650161 ,      0.00113586 ,    -0.000243718 ,      -0.0007314 ,     0.000425949 ,
   112 ,     -0.00915274 ,     -0.00460878 ,       0.0132763 ,      -0.0120251 ,     -0.00861714 ,      0.00497861 ,
   113 ,    -1.73539e-12 ,    -4.03607e-08 ,    -2.26737e-08 ,    -1.51372e-08 ,    -4.54064e-08 ,    -8.50262e-09 ,
   114 ,     1.27368e-07 ,    -1.79697e-07 ,     1.15366e-07 ,     7.59028e-08 ,    -1.54396e-07 ,     4.32621e-08 ,
   115 ,     2.24023e-17 ,     1.42005e-12 ,    -2.47953e-12 ,     5.32545e-13 ,     1.59757e-12 ,    -9.29823e-13 ,
   116 ,     3.22371e-12 ,     4.52981e-13 ,     -2.6172e-12 ,     3.79654e-12 ,     1.71849e-12 ,    -9.81452e-13 ,
   117 ,      -3.824e-17 ,     2.56419e-17 ,    -5.02648e-17 ,    -3.34043e-17 ,     1.45072e-17 ,    -1.88493e-17 ,
   118 ,    -8.86843e-18 ,    -7.90228e-17 ,    -5.91021e-17 ,    -3.96105e-17 ,    -9.22263e-17 ,    -2.21633e-17 ,
   119 ,    -8.83815e-13 ,     1.00143e-12 ,    -1.22363e-12 ,    -6.18755e-13 ,     7.95182e-13 ,     -4.5886e-13 ,
   120 ,    -3.82174e-17 ,     1.54252e-12 ,    -2.64849e-12 ,       5.784e-13 ,     1.73532e-12 ,    -9.93183e-13 ,
   121 ,    -7.64123e-08 ,      1.4976e-07 ,    -4.70309e-08 ,    -2.98037e-08 ,     1.39826e-07 ,    -1.76366e-08 ,
   122 ,     -4.4131e-12 ,     1.65393e-08 ,     9.78083e-09 ,     6.19725e-09 ,      1.8605e-08 ,     3.66781e-09 ,
   123 ,     -0.00225993 ,     -0.00142991 ,      0.00376896 ,     -0.00307864 ,     -0.00245612 ,      0.00141336 ,
   124 ,     9.59636e-08 ,    -0.000118749 ,     0.000198242 ,     -4.4423e-05 ,    -0.000133557 ,     7.43406e-05 ,
   125 ,         3.11913 ,         47.0577 ,         32.5755 ,         21.1557 ,         54.1096 ,         12.2158 ,
   126 ,       0.0026561 ,         52.4653 ,         30.2866 ,         19.6774 ,         59.0244 ,         11.3575 ,
   127 ,     -0.00284702 ,         97.3454 ,         56.2134 ,         36.5013 ,         109.512 ,           21.08 ,
   128 ,        -46.9366 ,        -16.0594 ,        -90.5556 ,        -58.8259 ,         -35.668 ,        -33.9584 ,
   129 ,     6.31866e-08 ,      0.00460878 ,     -0.00801703 ,      0.00172836 ,       0.0051849 ,     -0.00300639 ,
   130 ,        0.013187 ,      0.00297599 ,      -0.0127551 ,       0.0159514 ,      0.00829313 ,     -0.00478315 ,
   131 ,     3.19926e-12 ,     1.79697e-07 ,     1.04688e-07 ,     6.73899e-08 ,      2.0216e-07 ,     3.92582e-08 ,
   132 ,    -1.46195e-07 ,     6.95027e-08 ,    -2.07694e-07 ,    -1.38406e-07 ,     2.33673e-08 ,    -7.78852e-08 ,
   133 ,    -1.82469e-17 ,    -4.52981e-13 ,     7.44125e-13 ,    -1.69888e-13 ,     -5.0961e-13 ,     2.79047e-13 ,
   134 ,     1.71094e-12 ,      1.3896e-12 ,     -3.3918e-12 ,      2.4459e-12 ,      2.2049e-12 ,    -1.27192e-12 ,
   135 ,      -6.721e-18 ,     7.90228e-17 ,     3.22801e-17 ,     2.20724e-17 ,     8.63802e-17 ,     1.21051e-17 ,
   136 ,    -3.17808e-17 ,     9.70497e-17 ,     1.13237e-18 ,     6.40219e-19 ,     9.72631e-17 ,     4.24639e-19 ,
   137 ,     -2.7736e-12 ,    -1.54252e-12 ,     4.23486e-12 ,    -3.69874e-12 ,    -2.77543e-12 ,     1.58807e-12 ,
   138 ,     6.97364e-17 ,     4.39309e-14 ,    -1.25052e-13 ,     1.65525e-14 ,     4.94484e-14 ,    -4.68945e-14 ,
   139 ,     9.18225e-08 ,    -1.65393e-08 ,       1.497e-07 ,     9.70981e-08 ,     1.58267e-08 ,     5.61374e-08 ,
   140 ,     2.52332e-12 ,     1.42937e-07 ,     8.20455e-08 ,     5.36042e-08 ,     1.60805e-07 ,     3.07671e-08 ,
   141 ,        0.002615 ,     0.000118749 ,     -0.00171936 ,       0.0029864 ,      0.00111422 ,     -0.00064476 ,
   142 ,     7.22712e-08 ,      -0.0014027 ,      0.00241695 ,    -0.000525929 ,       -0.001578 ,     0.000906358 ,
   143 ,         35.2808 ,        -52.4653 ,         30.8332 ,         20.0164 ,        -45.7931 ,         11.5625 ,
   144 ,      0.00221883 ,         8.65757 ,         4.98875 ,         3.24908 ,          9.7406 ,         1.87078 ,
   145 ,      0.00920987 ,         16.0594 ,         9.25674 ,         6.03261 ,         18.0702 ,         3.47128 ,
   146 ,        -72.2597 ,         109.092 ,        -62.1546 ,        -40.3826 ,         95.6316 ,         -23.308 ,
   147 ,    -1.33777e-07 ,     -0.00297599 ,      0.00516983 ,     -0.00111615 ,     -0.00334804 ,      0.00193869 ,
   148 ,     -0.00113015 ,      0.00231919 ,     -0.00338324 ,    -0.000401729 ,      0.00218528 ,     -0.00126871 ,
   149 ,    -6.73558e-13 ,    -6.95027e-08 ,    -4.15065e-08 ,    -2.60643e-08 ,    -7.81908e-08 ,    -1.55649e-08 ,
   150 ,    -5.07678e-08 ,     1.60044e-07 ,     1.73077e-09 ,     2.90277e-09 ,     1.61012e-07 ,     6.49038e-10 ,
   151 ,    -1.57161e-17 ,     -1.3896e-12 ,      2.4551e-12 ,    -5.21116e-13 ,     -1.5633e-12 ,     9.20662e-13 ,
   152 ,    -5.58376e-12 ,    -1.81474e-12 ,     6.33307e-12 ,    -6.96226e-12 ,    -4.13549e-12 ,      2.3749e-12 ,
   153 ,      5.1383e-17 ,    -9.70497e-17 ,     3.30387e-17 ,     2.14123e-17 ,    -8.99123e-17 ,     1.23895e-17 ,
   154 ,     3.43116e-17 ,     2.04735e-17 ,     6.87462e-17 ,     4.62781e-17 ,     3.58995e-17 ,     2.57798e-17 ,
   155 ,     3.26478e-12 ,    -4.39309e-14 ,    -1.77838e-12 ,      3.6564e-12 ,     1.17487e-12 ,    -6.66892e-13 ,
   156 ,    -1.16324e-17 ,    -1.94757e-12 ,     3.38988e-12 ,    -7.30352e-13 ,    -2.19102e-12 ,     1.27121e-12 ,
   157 ,     6.35751e-09 ,    -1.42937e-07 ,    -7.01776e-08 ,    -4.64492e-08 ,     -1.5842e-07 ,    -2.63166e-08 ,
   158 ,     3.51506e-12 ,    -1.31066e-07 ,    -7.56948e-08 ,    -4.91457e-08 ,    -1.47448e-07 ,    -2.83855e-08 ,
   159 ,      0.00060968 ,       0.0014027 ,     -0.00276571 ,       0.0012119 ,      0.00180666 ,     -0.00103714 ,
   160 ,    -1.57736e-07 ,       0.0010538 ,     -0.00180743 ,     0.000394997 ,      0.00118547 ,    -0.000677786 ,
   161 ,        -28.9597 ,        -8.65757 ,        -55.1199 ,        -35.8263 ,        -20.5997 ,          -20.67 ,
   162 ,     -0.00422414 ,        -58.7871 ,        -33.9479 ,        -22.0499 ,        -66.1371 ,        -12.7305 ,
   163 ,       -0.004384 ,        -109.092 ,         -62.994 ,        -40.9146 ,        -122.731 ,        -23.6228 ,
   164 ,         99.8276 ,         -63.822 ,         136.078 ,         88.3728 ,        -34.3644 ,         51.0293 ,
   165 ,     1.83251e-08 ,     -0.00231919 ,      0.00403998 ,    -0.000869673 ,     -0.00260908 ,      0.00151499 ,
   166 ,      -0.0124637 ,     -0.00484448 ,        0.015588 ,      -0.0158384 ,      -0.0101239 ,      0.00584549 ,
   167 ,    -3.50923e-12 ,    -1.60044e-07 ,    -9.22671e-08 ,    -6.00205e-08 ,    -1.80051e-07 ,    -3.46002e-08 ,
   168 ,      2.0287e-07 ,    -1.89341e-07 ,     2.38786e-07 ,     1.57225e-07 ,    -1.36933e-07 ,     8.95449e-08 ,
   169 ,     3.50981e-17 ,     1.81474e-12 ,    -3.12861e-12 ,     6.80567e-13 ,      2.0416e-12 ,    -1.17323e-12 ,
   170 ,     2.74809e-12 ,    -1.82077e-13 ,    -1.25204e-12 ,     3.02332e-12 ,     8.25696e-13 ,    -4.69515e-13 ,
   171 ,    -3.43848e-17 ,    -2.04735e-17 ,    -6.89894e-17 ,    -4.63605e-17 ,     -3.5927e-17 ,     -2.5871e-17 ,
   172 ,     1.65027e-17 ,    -1.39229e-16 ,    -4.99225e-17 ,    -3.36453e-17 ,    -1.50444e-16 ,    -1.87209e-17 ,
   173 ,     8.34007e-13 ,     1.94757e-12 ,    -3.83711e-12 ,      1.6686e-12 ,     2.50377e-12 ,    -1.43892e-12 ,
   174 ,    -7.41355e-17 ,     1.50042e-12 ,    -2.55599e-12 ,     5.62572e-13 ,     1.68794e-12 ,    -9.58495e-13 ,
   175 ,    -1.01752e-07 ,     1.31066e-07 ,    -1.01006e-07 ,    -6.53217e-08 ,     1.09292e-07 ,    -3.78771e-08 ,
   176 ,    -5.94583e-12 ,    -4.56322e-08 ,     -2.6057e-08 ,    -1.71187e-08 ,    -5.13384e-08 ,    -9.77137e-09 ,
   177 ,     -0.00312037 ,      -0.0010538 ,       0.0036201 ,     -0.00390558 ,     -0.00235566 ,      0.00135754 ,
   178 ,     4.96264e-08 ,      0.00075932 ,     -0.00131302 ,       0.0002848 ,     0.000854253 ,    -0.000492384 ,
   179 ,        -14.1102 ,         58.7871 ,          9.5781 ,         6.17113 ,         60.8442 ,         3.59179 ,
   180 ,     0.000494096 ,          34.413 ,          19.843 ,         12.9054 ,         38.7148 ,         7.44111 ,
   181 ,      -0.0058887 ,          63.822 ,         36.8469 ,         23.9266 ,         71.7975 ,         13.8176 ,
   182 ,       -0.833897 ,        -62.4188 ,        -37.4082 ,        -24.3451 ,        -70.5338 ,        -14.0281 ,
   183 ,     1.38863e-07 ,      0.00484448 ,     -0.00842373 ,      0.00181683 ,      0.00545009 ,      -0.0031589 ,
   184 ,        0.010959 ,      0.00146389 ,     -0.00884364 ,       0.0128778 ,       0.0057565 ,     -0.00331636 ,
   185 ,     3.85206e-12 ,     1.89341e-07 ,     1.10595e-07 ,     7.10073e-08 ,     2.13011e-07 ,     4.14733e-08 ,
   186 ,    -8.23314e-08 ,    -5.09811e-08 ,    -1.66625e-07 ,    -1.11741e-07 ,     -8.8228e-08 ,    -6.24843e-08 ,
   187 ,    -6.22085e-18 ,     1.82077e-13 ,    -3.80604e-13 ,     6.82718e-14 ,     2.04834e-13 ,    -1.42727e-13 ,
   188 ,     4.61319e-12 ,     2.42736e-12 ,    -6.84219e-12 ,      6.1001e-12 ,     4.46073e-12 ,    -2.56582e-12 ,
   189 ,    -3.37413e-17 ,     1.39229e-16 ,     2.06953e-17 ,     1.42518e-17 ,     1.43979e-16 ,     7.76075e-18 ,
   190 ,    -5.78216e-17 ,     8.92971e-17 ,     -4.7375e-17 ,    -3.15629e-17 ,     7.87761e-17 ,    -1.77656e-17 ,
   191 ,    -4.59159e-12 ,    -1.50042e-12 ,     5.20755e-12 ,    -5.72819e-12 ,    -3.40981e-12 ,     1.95283e-12 ,
   192 ,     7.47791e-17 ,     1.15133e-12 ,    -2.03557e-12 ,     4.31834e-13 ,     1.29528e-12 ,    -7.63339e-13 ,
   193 ,     7.40399e-08 ,     4.56322e-08 ,     1.55019e-07 ,     1.00407e-07 ,     7.91011e-08 ,     5.81321e-08 ,
   194 ,     5.20235e-13 ,     1.74588e-07 ,     1.00105e-07 ,      6.5471e-08 ,     1.96412e-07 ,     3.75392e-08 ,
   195 ,      0.00146008 ,     -0.00075932 ,     0.000463537 ,      0.00135784 ,    -0.000306707 ,     0.000173826 ,
   196 ,     1.26166e-07 ,     -0.00160902 ,      0.00277333 ,     -0.00060324 ,      -0.0018101 ,         0.00104 ,
   197 ,         39.2225 ,         -34.413 ,         48.2455 ,         31.2204 ,        -24.0063 ,         18.0921 ,
   198 ,      0.00408635 ,         33.6766 ,         19.3754 ,         12.6333 ,         37.8877 ,         7.26577 ,
   199 ,      0.00909807 ,         62.4188 ,         35.9934 ,         23.4172 ,         70.2245 ,         13.4975 ,
   200 ,        -99.2519 ,         109.409 ,        -108.572 ,        -70.6302 ,         85.8653 ,        -40.7147 ,
   201 ,    -1.17987e-07 ,     -0.00146389 ,      0.00253493 ,    -0.000549091 ,     -0.00164692 ,     0.000950598 ,
   202 ,      0.00402776 ,      0.00377185 ,     -0.00887133 ,      0.00594567 ,      0.00575374 ,     -0.00332675 ,
   203 ,     1.18967e-12 ,     5.09811e-08 ,     2.82611e-08 ,     1.91192e-08 ,     5.73542e-08 ,     1.05979e-08 ,
   204 ,    -1.74519e-07 ,     2.52562e-07 ,    -1.57288e-07 ,    -1.01624e-07 ,     2.18687e-07 ,    -5.89831e-08 ,
   205 ,    -4.05885e-17 ,    -2.42736e-12 ,     4.23259e-12 ,    -9.10305e-13 ,     -2.7308e-12 ,     1.58722e-12 ,
   206 ,    -7.27558e-12 ,    -1.78811e-12 ,     7.25846e-12 ,    -8.85557e-12 ,    -4.73996e-12 ,     2.72192e-12 ,
   207 ,     6.85944e-17 ,    -8.92971e-17 ,     6.71439e-17 ,     4.36823e-17 ,    -7.47364e-17 ,      2.5179e-17 ,
   208 ,      2.3454e-17 ,     1.01244e-16 ,     9.51341e-17 ,     6.43522e-17 ,     1.22695e-16 ,     3.56753e-17 ,
   209 ,     2.64493e-12 ,    -1.15133e-12 ,     4.90101e-13 ,     2.54379e-12 ,    -3.03404e-13 ,     1.83788e-13 ,
   210 ,     2.75566e-17 ,    -2.69705e-12 ,      4.6806e-12 ,    -1.01136e-12 ,    -3.03417e-12 ,     1.75523e-12 ,
   211 ,     4.77816e-08 ,    -1.74588e-07 ,    -1.43408e-08 ,    -1.17161e-08 ,    -1.78493e-07 ,    -5.37781e-09 ,
   212 ,     6.71628e-12 ,    -8.88223e-08 ,    -5.23298e-08 ,    -3.33008e-08 ,    -9.99226e-08 ,    -1.96237e-08 ,
   213 ,      0.00228193 ,      0.00160902 ,     -0.00408613 ,      0.00317055 ,      0.00266587 ,      -0.0015323 ,
   214 ,    -1.52424e-07 ,     0.000295916 ,    -0.000491493 ,     0.000110797 ,     0.000332848 ,     -0.00018431 ,
   215 ,        -14.7554 ,        -33.6766 ,        -44.5825 ,        -29.2285 ,        -43.4194 ,        -16.7184 ,
   216 ,     -0.00326449 ,        -58.8801 ,        -34.1335 ,        -22.0837 ,        -66.2413 ,        -12.8001 ,
   217 ,     -0.00118719 ,        -109.409 ,        -63.2566 ,        -41.0295 ,        -123.085 ,        -23.7212 ,
   218 ,         73.4112 ,        -17.9182 ,         117.167 ,         75.8682 ,         7.37117 ,         43.9376 ,
   219 ,     -7.2992e-08 ,     -0.00377185 ,      0.00656293 ,     -0.00141452 ,     -0.00424336 ,       0.0024611 ,
   220 ,       -0.014313 ,     -0.00445751 ,       0.0159799 ,      -0.0177737 ,      -0.0103821 ,      0.00599247 ,
   221 ,    -5.76732e-12 ,    -2.52562e-07 ,    -1.46247e-07 ,     -9.4717e-08 ,    -2.84134e-07 ,    -5.48426e-08 ,
   222 ,     2.19515e-07 ,    -1.24472e-07 ,     3.03769e-07 ,     2.00277e-07 ,    -5.77126e-08 ,     1.13913e-07 ,
   223 ,     3.96865e-17 ,     1.78811e-12 ,    -3.04288e-12 ,     6.70585e-13 ,     2.01164e-12 ,    -1.14108e-12 ,
   224 ,     3.18592e-13 ,    -1.53144e-12 ,     2.46785e-12 ,    -2.15875e-13 ,     -1.6034e-12 ,     9.25442e-13 ,
   225 ,    -1.65643e-17 ,    -1.01244e-16 ,    -8.14518e-17 ,    -5.66014e-17 ,    -1.20111e-16 ,    -3.05444e-17 ,
   226 ,      5.6821e-17 ,    -1.93597e-16 ,    -1.29841e-17 ,    -8.67503e-18 ,    -1.96488e-16 ,    -4.86905e-18 ,
   227 ,     3.36993e-12 ,     2.69705e-12 ,    -6.57213e-12 ,     4.80257e-12 ,      4.2979e-12 ,    -2.46455e-12 ,
   228 ,    -1.12715e-16 ,       8.055e-13 ,     -1.3108e-12 ,     3.01935e-13 ,     9.06144e-13 ,     -4.9155e-13 ,
   229 ,    -1.18361e-07 ,     8.88223e-08 ,    -1.48526e-07 ,    -9.98478e-08 ,     5.55398e-08 ,    -5.56974e-08 ,
   230 ,    -5.99127e-12 ,    -1.12028e-07 ,     -6.6035e-08 ,    -4.20172e-08 ,    -1.26034e-07 ,    -2.47631e-08 ,
   231 ,     -0.00305222 ,    -0.000295916 ,      0.00228183 ,     -0.00354472 ,     -0.00147749 ,     0.000855686 ,
   232 ,    -1.37185e-08 ,      0.00149488 ,      -0.0025609 ,     0.000560565 ,      0.00168174 ,    -0.000960336 ,
   233 ,        -28.7724 ,         58.8801 ,        -14.8913 ,        -10.2889 ,         55.4504 ,        -5.58425 ,
   234 ,     -0.00206966 ,         9.85155 ,         5.36726 ,           3.692 ,         11.0822 ,         2.01272 ,
   235 ,     -0.00834742 ,         17.9182 ,          10.173 ,         6.70993 ,         20.1548 ,         3.81487 ,
   236 ,         45.3284 ,        -96.8535 ,         23.4417 ,         14.6744 ,         -91.962 ,         8.79064 ,
   237 ,     1.85223e-07 ,      0.00445751 ,     -0.00774986 ,      0.00167177 ,      0.00501477 ,      -0.0029062 ,
   238 ,      0.00715279 ,    -0.000329612 ,      -0.0035304 ,      0.00792329 ,      0.00231148 ,      -0.0013239 ,
   239 ,     3.20223e-12 ,     1.24472e-07 ,     7.32621e-08 ,     4.66804e-08 ,     1.40032e-07 ,     2.74733e-08 ,
   240 ,     3.87005e-08 ,    -1.95605e-07 ,    -4.08277e-08 ,    -2.98136e-08 ,    -2.05542e-07 ,    -1.53104e-08 ,
   241 ,     2.09179e-17 ,     1.53144e-12 ,    -2.72438e-12 ,     5.74314e-13 ,     1.72288e-12 ,    -1.02164e-12 ,
   242 ,     8.65096e-12 ,     3.42798e-12 ,    -1.08862e-11 ,     1.10178e-11 ,     7.10058e-12 ,    -4.08232e-12 ,
   243 ,    -7.10674e-17 ,     1.93597e-16 ,    -6.23066e-18 ,    -7.35208e-18 ,     1.91146e-16 ,     -2.3365e-18 ,
   244 ,    -7.55896e-17 ,      3.6509e-17 ,    -1.08581e-16 ,    -7.13475e-17 ,     1.27266e-17 ,    -4.07179e-17 ,
   245 ,    -5.68855e-12 ,      -8.055e-13 ,      4.6601e-12 ,    -6.70167e-12 ,    -3.03939e-12 ,     1.74754e-12 ,
   246 ,     5.82122e-17 ,     2.54412e-12 ,    -4.37777e-12 ,     9.54108e-13 ,     2.86215e-12 ,    -1.64166e-12 ,
   247 ,     3.80357e-08 ,     1.12028e-07 ,     1.41941e-07 ,     8.48006e-08 ,     1.40295e-07 ,      5.3228e-08 ,
   248 ,    -3.06721e-12 ,     1.87928e-07 ,     1.04082e-07 ,     7.04693e-08 ,     2.11417e-07 ,     3.90306e-08 ,
   249 ,    -0.000261585 ,     -0.00149488 ,      0.00274348 ,    -0.000854864 ,     -0.00177984 ,       0.0010288 ,
   250 ,     1.70115e-07 ,     -0.00131235 ,      0.00229955 ,    -0.000491941 ,     -0.00147633 ,     0.000862331 ,
   251 ,         35.0098 ,        -9.85155 ,         57.1293 ,         35.6917 ,         2.04567 ,         21.4235 ,
   252 ,      0.00486029 ,         52.6436 ,         29.6412 ,         19.7468 ,         59.2259 ,         11.1155 ,
   253 ,      0.00775615 ,         96.8535 ,          55.485 ,         36.3287 ,         108.963 ,         20.8069 ,
   254 ,        -107.014 ,         87.5301 ,        -132.855 ,         -87.567 ,         58.3412 ,        -49.8207 ,
   255 ,    -5.33767e-08 ,     0.000329612 ,    -0.000597513 ,     0.000123544 ,     0.000370793 ,    -0.000224068 ,
   256 ,      0.00895078 ,      0.00481822 ,      -0.0135019 ,       0.0118765 ,      0.00877704 ,     -0.00506323 ,
   257 ,     4.48156e-12 ,     1.95605e-07 ,     1.11953e-07 ,     7.33567e-08 ,     2.20057e-07 ,     4.19825e-08 ,
   258 ,      -2.773e-07 ,     2.83984e-07 ,    -3.14247e-07 ,    -2.05469e-07 ,     2.15494e-07 ,    -1.17843e-07 ,
   259 ,    -1.66687e-16 ,    -3.42798e-12 ,     5.92645e-12 ,    -1.28568e-12 ,    -3.85654e-12 ,     2.22242e-12 ,
   260 ,    -7.37164e-12 ,    -8.84212e-13 ,     5.75701e-12 ,    -8.62467e-12 ,     -3.7591e-12 ,     2.15888e-12 ,
   261 ,    -2.61741e-16 ,     -3.6509e-17 ,    -1.16622e-16 ,     -3.0815e-16 ,    -1.39225e-16 ,    -4.37332e-17 ,
   262 ,    -1.12015e-16 ,     4.23486e-17 ,    -1.99008e-16 ,    -1.10137e-16 ,     5.63643e-18 ,    -7.46279e-17 ,
   263 ,     7.35779e-13 ,    -2.54412e-12 ,     4.03744e-12 ,    -1.26291e-13 ,    -2.58621e-12 ,     1.51404e-12 ,
   264 ,    -2.48886e-16 ,    -2.88445e-12 ,     5.11383e-12 ,    -1.08195e-12 ,     -3.2451e-12 ,     1.91769e-12 ,
   265 ,     8.48872e-08 ,    -1.87928e-07 ,     6.86156e-08 ,     2.50253e-08 ,    -1.79586e-07 ,     2.57308e-08 ,
   266 ,     9.49153e-12 ,    -1.52318e-08 ,    -1.91989e-08 ,    -5.70125e-09 ,    -1.71322e-08 ,    -7.19958e-09 ,
   267 ,      0.00348924 ,      0.00131235 ,     -0.00423646 ,      0.00441753 ,      0.00278486 ,     -0.00158867 ,
   268 ,    -1.23264e-07 ,    -0.000625029 ,       0.0011897 ,    -0.000234524 ,    -0.000703204 ,     0.000446139 ,
   269 ,         1.28697 ,        -52.6436 ,        -23.1522 ,        -18.2935 ,        -58.7414 ,        -8.68206 ,
   270 ,     -0.00110947 ,        -46.1498 ,        -28.3598 ,        -17.3074 ,         -51.919 ,        -10.6349 ,
   271 ,      0.00235245 ,        -87.5301 ,        -51.5349 ,        -32.8211 ,        -98.4705 ,        -19.3256 ,
   272 ,         32.0459 ,          29.817 ,         77.1946 ,          47.233 ,         45.5613 ,          28.948 ,
   273 ,    -1.69257e-07 ,     -0.00481822 ,      0.00835334 ,     -0.00180702 ,     -0.00542056 ,       0.0031325 ,
   274 ,      -0.0143545 ,     -0.00342301 ,       0.0142425 ,      -0.0174324 ,     -0.00923381 ,      0.00534095 ,
   275 ,    -1.26258e-11 ,    -2.83984e-07 ,    -1.65324e-07 ,    -1.06508e-07 ,    -3.19486e-07 ,    -6.19965e-08 ,
   276 ,      1.6142e-07 ,     7.53609e-09 ,     2.80366e-07 ,     1.84424e-07 ,     6.90106e-08 ,     1.05137e-07 ,
   277 ,    -4.91269e-12 ,     8.84212e-13 ,     7.35408e-12 ,    -5.19519e-12 ,    -8.47518e-13 ,     2.75778e-12 ,
   278 ,    -9.73573e-12 ,    -3.51512e-12 ,     1.76984e-11 ,    -1.22709e-11 ,     -7.6054e-12 ,     6.63689e-12 ,
   279 ,     9.83073e-12 ,    -4.23486e-17 ,     -1.6552e-11 ,     1.10596e-11 ,     3.68647e-12 ,    -6.20699e-12 ,
   280 ,    -4.91241e-12 ,    -2.53511e-11 ,     2.35428e-11 ,    -1.50331e-11 ,    -3.03621e-11 ,     8.82854e-12 ,
   281 ,     9.90904e-13 ,     2.88445e-12 ,    -3.58308e-12 ,     2.19643e-12 ,     3.61659e-12 ,    -1.34366e-12 ,
   282 ,     9.83124e-12 ,     2.09674e-11 ,    -3.05057e-11 ,     1.89229e-11 ,      2.7275e-11 ,    -1.14396e-11 ,
   283 ,    -1.32315e-07 ,     1.52318e-08 ,    -1.53129e-07 ,    -1.43142e-07 ,    -3.24822e-08 ,    -5.74233e-08 ,
   284 ,    -9.23641e-12 ,    -1.57092e-07 ,    -1.13115e-07 ,    -5.89198e-08 ,    -1.76732e-07 ,    -4.24181e-08 ,
   285 ,     -0.00187937 ,     0.000625029 ,     9.91144e-05 ,      -0.0018799 ,    -1.60446e-06 ,     3.71679e-05 ,
   286 ,    -9.39381e-08 ,      0.00191422 ,     -0.00306928 ,     0.000717727 ,      0.00215346 ,     -0.00115098 ,
   287 ,        -40.2152 ,         46.1498 ,        -31.5053 ,        -27.9359 ,         36.8379 ,        -11.8145 ,
   288 ,     -0.00425914 ,        -13.7173 ,        -11.8502 ,        -5.14879 ,        -15.4336 ,        -4.44383 ,
   289 ,     -0.00993185 ,         -29.817 ,        -19.4676 ,        -11.1925 ,        -33.5479 ,        -7.30037 ,
   290 ,         81.3388 ,        -116.156 ,         84.1087 ,         47.9475 ,        -100.174 ,         31.5408 ,
   291 ,     4.74191e-07 ,      0.00342301 ,     -0.00600052 ,      0.00128416 ,      0.00385106 ,      -0.0022502 ,
   292 ,      0.00207018 ,     -0.00217308 ,      0.00268189 ,      0.00151405 ,      -0.0016684 ,      0.00100571 ,
   293 ,     3.16066e-07 ,    -7.53609e-09 ,     1.77844e-07 ,     3.52748e-07 ,     1.10047e-07 ,     6.66917e-08 ,
   294 ,     4.82027e-07 ,    -3.12571e-07 ,     3.39802e-07 ,     4.25067e-07 ,    -1.70882e-07 ,     1.27426e-07 ,
   295 ,    -5.59465e-07 ,     3.51512e-12 ,    -3.18743e-07 ,    -6.29396e-07 ,    -2.09795e-07 ,    -1.19529e-07 ,
   296 ,     3.16089e-07 ,    -5.00485e-07 ,     -6.9381e-07 ,     1.67918e-07 ,    -4.44512e-07 ,    -2.60179e-07 ,
   297 ,     8.56866e-08 ,     2.53511e-11 ,     6.12419e-08 ,     9.64069e-08 ,      3.2161e-08 ,     2.29657e-08 ,
   298 ,    -5.59455e-07 ,     3.80019e-07 ,     3.26382e-07 ,     -4.8688e-07 ,     2.17726e-07 ,     1.22393e-07 ,
   299 ,     4.97225e-07 ,    -2.09674e-11 ,     3.10034e-07 ,      5.5937e-07 ,     1.86435e-07 ,     1.16263e-07 ,
   300 ,     8.56669e-08 ,     2.48743e-07 ,     4.72842e-07 ,     1.89654e-07 ,     3.11961e-07 ,     1.77316e-07 ,
   301 ,    -4.98049e-07 ,     1.57092e-07 ,    -2.16683e-07 ,    -5.01396e-07 ,    -1.00397e-08 ,     -8.1256e-08 ,
   302 ,     4.97233e-07 ,    -4.82733e-07 ,     -5.7214e-07 ,     3.78362e-07 ,    -3.56613e-07 ,    -2.14553e-07 ,
   303 ,      -0.0018022 ,     -0.00191422 ,      0.00454553 ,     -0.00274531 ,     -0.00282932 ,      0.00170457 ,
   304 ,    -2.71796e-07 ,    -0.000437507 ,      0.00126742 ,    -0.000164371 ,    -0.000492297 ,     0.000475283 ,
   305 ,         18.3628 ,         13.7173 ,         66.1388 ,         25.8021 ,          22.318 ,         24.8021 ,
   306 ,      0.00433631 ,          68.002 ,          30.215 ,         25.5056 ,         76.5038 ,         11.3306 ,
   307 ,      0.00950923 ,         116.156 ,         61.8526 ,         43.5693 ,          130.68 ,         23.1947 ,
   308 ,        -96.6795 ,          39.593 ,        -120.931 ,         -93.917 ,         8.28737 ,        -45.3492 ,
   309 ,       0.0002856 ,      0.00217308 ,     -0.00440396 ,       0.0011362 ,      0.00255182 ,     -0.00165148 ,
   310 ,       0.0173709 ,       0.0125526 ,      -0.0283543 ,       0.0242495 ,       0.0206358 ,      -0.0106329 ,
   311 ,     -0.00477695 ,     3.12571e-07 ,      0.00835681 ,     -0.00537395 ,       -0.001791 ,      0.00313381 ,
   312 ,     0.000284644 ,      0.00882961 ,     -0.00553602 ,      0.00363132 ,         0.01004 ,     -0.00207601 ,
   313 ,      0.00344334 ,     5.00485e-07 ,     -0.00583541 ,      0.00387395 ,      0.00129181 ,     -0.00218828 ,
   314 ,     -0.00477758 ,      -0.0141924 ,       0.0165775 ,      -0.0106969 ,      -0.0177581 ,      0.00621655 ,
   315 ,      0.00240603 ,    -3.80019e-07 ,     -0.00390983 ,      0.00270664 ,     0.000901831 ,     -0.00146619 ,
   316 ,      0.00344446 ,      0.00192673 ,     -0.00687361 ,      0.00459754 ,      0.00345924 ,     -0.00257761 ,
   317 ,     -0.00511257 ,    -2.48743e-07 ,      0.00951723 ,     -0.00575173 ,     -0.00191749 ,      0.00356896 ,
   318 ,      0.00240585 ,       0.0134266 ,      -0.0114283 ,      0.00774154 ,       0.0160071 ,     -0.00428562 ,
   319 ,      0.00209777 ,     4.82733e-07 ,     -0.00213085 ,      0.00236017 ,     0.000787204 ,    -0.000799071 ,
   320 ,     -0.00511356 ,      -0.0116489 ,       0.0167282 ,      -0.0101211 ,      -0.0150226 ,      0.00627309 ,
   321 ,      0.00462522 ,     0.000437507 ,     -0.00593969 ,      0.00536743 ,      0.00222665 ,     -0.00222739 ,
   322 ,      0.00209854 ,     -0.00210301 ,    -0.000871378 ,      0.00157222 ,     -0.00157894 ,    -0.000326767 ,
   323 ,         4.29118 ,         -68.002 ,         28.8449 ,        -20.6731 ,         -74.893 ,         10.8168 ,
   324 ,      0.00209111 ,        -8.93508 ,        -25.9346 ,         -3.3483 ,        -10.0512 ,        -9.72546 ,
   325 ,         77.9464 ,         -39.593 ,         1.30656 ,         72.8423 ,        -15.3123 ,        0.489962 ,
   326 ,        -22.2537 ,         87.4582 ,         123.307 ,         7.76134 ,         90.0453 ,         46.2403 ,
   327 ,         29.2145 ,      -0.0125526 ,         12.2047 ,         32.8615 ,         10.9413 ,         4.57677 ,
   328 ,         77.9195 ,        -23.9609 ,        -12.5527 ,          78.674 ,         2.26373 ,        -4.70728 ,
   329 ,        -82.6327 ,     -0.00882961 ,        -50.4951 ,         -92.965 ,        -30.9971 ,        -18.9357 ,
   330 ,         29.2139 ,        -62.7006 ,        -99.6495 ,         9.35291 ,         -59.583 ,        -37.3686 ,
   331 ,         42.3536 ,       0.0141924 ,         22.5799 ,         47.6531 ,         15.8985 ,         8.46747 ,
   332 ,        -82.6231 ,         73.1025 ,         74.4611 ,        -65.5375 ,         51.2567 ,         27.9229 ,
   333 ,         59.8658 ,     -0.00192673 ,         33.4163 ,         67.3483 ,         22.4475 ,         12.5311 ,
   334 ,         42.3467 ,         10.8252 ,         40.1131 ,         51.6995 ,         28.0584 ,         15.0424 ,
   335 ,        -80.0822 ,      -0.0134266 ,        -46.3542 ,        -90.0975 ,        -30.0459 ,        -17.3828 ,
   336 ,          59.861 ,        -79.7905 ,        -106.517 ,         37.4222 ,        -67.3164 ,         -39.944 ,
   337 ,          1.8416 ,       0.0116489 ,         2.94422 ,         2.07617 ,        0.703704 ,         1.10408 ,
   338 ,         -80.072 ,         49.3248 ,         35.5359 ,        -71.5842 ,         25.4634 ,          13.326 ,
   339 ,         75.7264 ,      0.00210301 ,         50.1464 ,         85.1929 ,         28.3997 ,         18.8049 ,
   340 ,          1.8374 ,         47.1983 ,         76.8392 ,         19.7664 ,         53.7871 ,         28.8147 ,
   341 ,        -73.1343 ,         8.93508 ,         17.8321 ,        -78.9254 ,        -17.3734 ,         6.68704 ,
   342 ,         75.7197 ,        -49.3112 ,        -72.7738 ,         66.6929 ,        -27.0803 ,        -27.2902 ,
